VAN0003-LK-33-2,10
VAN0003-LK-33-2,12
VAN0003-LK-33-2,13
VAN0003-LK-33-2,16
VAN0003-LK-33-2,18
VAN0003-LK-33-2,2
VAN0003-LK-33-2,20
VAN0003-LK-33-2,21
VAN0003-LK-33-2,22
VAN0003-LK-33-2,24
VAN0003-LK-33-2,25
VAN0003-LK-33-2,33
VAN0003-LK-33-2,34
VAN0003-LK-33-2,40
VAN0003-LK-33-2,46
VAN0003-LK-33-2,48
VAN0003-LK-33-2,51
VAN0003-LK-33-2,52
VAN0003-LK-33-2,56
VAN0003-LK-33-2,57
VAN0003-LK-33-2,6
VAN0003-LK-33-2,67
VAN0003-LK-33-2,69
VAN0003-LK-33-2,83
VAN0003-LK-33-2,84
VAN0003-LK-33-2,89
VAN0003-LK-33-2,9
VAN0003-LK-33-2,90
VAN0003-LK-33-2,91
VAN0003-LK-33-2,92
VAN0003-LK-33-2,93
VAN0003-LK-33-2,94
VAN0003-LK-33-2,95
VAN0005-RK-1-1,12
VAN0005-RK-1-1,134
VAN0005-RK-1-1,139
VAN0005-RK-1-1,145
VAN0005-RK-1-1,146
VAN0005-RK-1-1,154
VAN0005-RK-1-1,158
VAN0005-RK-1-1,16
VAN0005-RK-1-1,167
VAN0005-RK-1-1,168
VAN0005-RK-1-1,181
VAN0005-RK-1-1,186
VAN0005-RK-1-1,19
VAN0005-RK-1-1,197
VAN0005-RK-1-1,230
VAN0005-RK-1-1,234
VAN0005-RK-1-1,235
VAN0005-RK-1-1,236
VAN0005-RK-1-1,242
VAN0005-RK-1-1,25
VAN0005-RK-1-1,27
VAN0005-RK-1-1,270
VAN0005-RK-1-1,272
VAN0005-RK-1-1,286
VAN0005-RK-1-1,29
VAN0005-RK-1-1,294
VAN0005-RK-1-1,30
VAN0005-RK-1-1,300
VAN0005-RK-1-1,318
VAN0005-RK-1-1,322
VAN0005-RK-1-1,325
VAN0005-RK-1-1,334
VAN0005-RK-1-1,335
VAN0005-RK-1-1,339
VAN0005-RK-1-1,342
VAN0005-RK-1-1,347
VAN0005-RK-1-1,354
VAN0005-RK-1-1,356
VAN0005-RK-1-1,36
VAN0005-RK-1-1,362
VAN0005-RK-1-1,363
VAN0005-RK-1-1,38
VAN0005-RK-1-1,41
VAN0005-RK-1-1,45
VAN0005-RK-1-1,49
VAN0005-RK-1-1,55
VAN0005-RK-1-1,59
VAN0005-RK-1-1,6
VAN0005-RK-1-1,61
VAN0005-RK-1-1,62
VAN0005-RK-1-1,65
VAN0005-RK-1-1,68
VAN0005-RK-1-1,70
VAN0005-RK-1-1,73
VAN0005-RK-1-1,74
VAN0005-RK-1-1,78
VAN0005-RK-1-1,86
VAN0005-RK-1-1,88
VAN0005-RK-1-1,89
VAN0005-RK-1-1,90
VAN0005-RK-1-1,92
VAN0005-RK-1-1,93
VAN0005-RK-1-1,98
VAN0005-RK-4-172,0
VAN0005-RK-4-172,11
VAN0005-RK-4-172,118
VAN0005-RK-4-172,121
VAN0005-RK-4-172,132
VAN0005-RK-4-172,138
VAN0005-RK-4-172,14
VAN0005-RK-4-172,145
VAN0005-RK-4-172,156
VAN0005-RK-4-172,16
VAN0005-RK-4-172,17
VAN0005-RK-4-172,170
VAN0005-RK-4-172,18
VAN0005-RK-4-172,198
VAN0005-RK-4-172,2
VAN0005-RK-4-172,208
VAN0005-RK-4-172,212
VAN0005-RK-4-172,215
VAN0005-RK-4-172,217
VAN0005-RK-4-172,22
VAN0005-RK-4-172,220
VAN0005-RK-4-172,221
VAN0005-RK-4-172,222
VAN0005-RK-4-172,223
VAN0005-RK-4-172,224
VAN0005-RK-4-172,225
VAN0005-RK-4-172,226
VAN0005-RK-4-172,227
VAN0005-RK-4-172,228
VAN0005-RK-4-172,229
VAN0005-RK-4-172,23
VAN0005-RK-4-172,230
VAN0005-RK-4-172,231
VAN0005-RK-4-172,232
VAN0005-RK-4-172,266
VAN0005-RK-4-172,27
VAN0005-RK-4-172,273
VAN0005-RK-4-172,274
VAN0005-RK-4-172,275
VAN0005-RK-4-172,276
VAN0005-RK-4-172,277
VAN0005-RK-4-172,278
VAN0005-RK-4-172,279
VAN0005-RK-4-172,280
VAN0005-RK-4-172,286
VAN0005-RK-4-172,29
VAN0005-RK-4-172,292
VAN0005-RK-4-172,30
VAN0005-RK-4-172,303
VAN0005-RK-4-172,306
VAN0005-RK-4-172,311
VAN0005-RK-4-172,316
VAN0005-RK-4-172,317
VAN0005-RK-4-172,318
VAN0005-RK-4-172,319
VAN0005-RK-4-172,32
VAN0005-RK-4-172,320
VAN0005-RK-4-172,321
VAN0005-RK-4-172,322
VAN0005-RK-4-172,35
VAN0005-RK-4-172,39
VAN0005-RK-4-172,40
VAN0005-RK-4-172,41
VAN0005-RK-4-172,44
VAN0005-RK-4-172,45
VAN0005-RK-4-172,46
VAN0005-RK-4-172,47
VAN0005-RK-4-172,48
VAN0005-RK-4-172,49
VAN0005-RK-4-172,5
VAN0005-RK-4-172,50
VAN0005-RK-4-172,51
VAN0005-RK-4-172,52
VAN0005-RK-4-172,6
VAN0005-RK-4-172,67
VAN0005-RK-4-172,71
VAN0005-RK-4-172,72
VAN0005-RK-4-172,86
VAN0005-RK-4-172,87
VAN0005-RK-4-172,88
VAN0005-RK-4-172,9
VAN0005-RK-4-172,95
VAN0005-RK-8-2,108
VAN0005-RK-8-2,111
VAN0005-RK-8-2,116
VAN0005-RK-8-2,163
VAN0005-RK-8-2,180
VAN0005-RK-8-2,186
VAN0005-RK-8-2,241
VAN0005-RK-8-2,266
VAN0005-RK-8-2,409
VAN0005-RK-8-2,450
VAN0005-RK-8-2,455
VAN0005-RK-8-2,458
VAN0005-RK-8-2,467
VAN0005-RK-8-2,47
VAN0005-RK-8-2,49
VAN0005-RK-8-2,68
VAN0006-LK-2-85,116
VAN0006-LK-2-85,117
VAN0006-LK-2-85,138
VAN0006-LK-2-85,16
VAN0006-LK-2-85,37
VAN0006-LK-2-85,4
VAN0006-LK-2-85,63
VAN0006-LK-2-85,67
VAN0006-LK-2-85,8
VAN0006-LK-7-2,123
VAN0006-LK-7-2,255
VAN0006-LK-7-2,288
VAN0006-LK-7-2,313
VAN0006-LK-7-2,314
VAN0006-LK-7-2,45
VAN0006-LK-7-2,47
VAN0006-LK-7-2,49
VAN0006-LK-7-2,51
VAN0006-LK-7-2,53
VAN0006-LK-7-2,6
VAN0006-LK-7-2,86
VAN0006-LK-7-2,92
VAN0007-LK-203-103,10
VAN0007-LK-203-103,102
VAN0007-LK-203-103,103
VAN0007-LK-203-103,104
VAN0007-LK-203-103,108
VAN0007-LK-203-103,111
VAN0007-LK-203-103,112
VAN0007-LK-203-103,117
VAN0007-LK-203-103,119
VAN0007-LK-203-103,120
VAN0007-LK-203-103,121
VAN0007-LK-203-103,123
VAN0007-LK-203-103,126
VAN0007-LK-203-103,127
VAN0007-LK-203-103,13
VAN0007-LK-203-103,130
VAN0007-LK-203-103,133
VAN0007-LK-203-103,134
VAN0007-LK-203-103,135
VAN0007-LK-203-103,136
VAN0007-LK-203-103,137
VAN0007-LK-203-103,138
VAN0007-LK-203-103,14
VAN0007-LK-203-103,140
VAN0007-LK-203-103,141
VAN0007-LK-203-103,142
VAN0007-LK-203-103,145
VAN0007-LK-203-103,148
VAN0007-LK-203-103,151
VAN0007-LK-203-103,152
VAN0007-LK-203-103,153
VAN0007-LK-203-103,155
VAN0007-LK-203-103,156
VAN0007-LK-203-103,16
VAN0007-LK-203-103,160
VAN0007-LK-203-103,162
VAN0007-LK-203-103,163
VAN0007-LK-203-103,164
VAN0007-LK-203-103,169
VAN0007-LK-203-103,170
VAN0007-LK-203-103,173
VAN0007-LK-203-103,175
VAN0007-LK-203-103,176
VAN0007-LK-203-103,177
VAN0007-LK-203-103,179
VAN0007-LK-203-103,180
VAN0007-LK-203-103,182
VAN0007-LK-203-103,184
VAN0007-LK-203-103,185
VAN0007-LK-203-103,189
VAN0007-LK-203-103,192
VAN0007-LK-203-103,194
VAN0007-LK-203-103,196
VAN0007-LK-203-103,199
VAN0007-LK-203-103,2
VAN0007-LK-203-103,202
VAN0007-LK-203-103,205
VAN0007-LK-203-103,210
VAN0007-LK-203-103,214
VAN0007-LK-203-103,215
VAN0007-LK-203-103,217
VAN0007-LK-203-103,25
VAN0007-LK-203-103,26
VAN0007-LK-203-103,29
VAN0007-LK-203-103,3
VAN0007-LK-203-103,30
VAN0007-LK-203-103,32
VAN0007-LK-203-103,33
VAN0007-LK-203-103,34
VAN0007-LK-203-103,37
VAN0007-LK-203-103,38
VAN0007-LK-203-103,39
VAN0007-LK-203-103,4
VAN0007-LK-203-103,40
VAN0007-LK-203-103,42
VAN0007-LK-203-103,43
VAN0007-LK-203-103,46
VAN0007-LK-203-103,5
VAN0007-LK-203-103,52
VAN0007-LK-203-103,54
VAN0007-LK-203-103,55
VAN0007-LK-203-103,60
VAN0007-LK-203-103,62
VAN0007-LK-203-103,63
VAN0007-LK-203-103,64
VAN0007-LK-203-103,65
VAN0007-LK-203-103,68
VAN0007-LK-203-103,71
VAN0007-LK-203-103,75
VAN0007-LK-203-103,76
VAN0007-LK-203-103,78
VAN0007-LK-203-103,79
VAN0007-LK-203-103,8
VAN0007-LK-203-103,80
VAN0007-LK-203-103,84
VAN0007-LK-203-103,88
VAN0007-LK-203-103,9
VAN0007-LK-203-103,92
VAN0007-LK-203-103,93
VAN0007-LK-203-103,95
VAN0007-LK-203-103,96
VAN0007-LK-203-103,98
VAN0007-LK-203-103,99
VAN0008-RK-403-100,113
VAN0008-RK-403-100,129
VAN0008-RK-403-100,131
VAN0008-RK-403-100,16
VAN0008-RK-403-100,164
VAN0008-RK-403-100,166
VAN0008-RK-403-100,180
VAN0008-RK-403-100,27
VAN0008-RK-403-100,34
VAN0008-RK-403-100,35
VAN0008-RK-403-100,36
VAN0008-RK-403-100,38
VAN0008-RK-403-100,41
VAN0008-RK-403-100,49
VAN0008-RK-403-100,78
VAN0008-RK-403-100,84
VAN0008-RK-403-100,88
VAN0008-RK-403-100,99
VAN0009-LK-102-7,105
VAN0009-LK-102-7,11
VAN0009-LK-102-7,12
VAN0009-LK-102-7,130
VAN0009-LK-102-7,131
VAN0009-LK-102-7,133
VAN0009-LK-102-7,137
VAN0009-LK-102-7,144
VAN0009-LK-102-7,146
VAN0009-LK-102-7,157
VAN0009-LK-102-7,172
VAN0009-LK-102-7,18
VAN0009-LK-102-7,184
VAN0009-LK-102-7,23
VAN0009-LK-102-7,24
VAN0009-LK-102-7,25
VAN0009-LK-102-7,26
VAN0009-LK-102-7,29
VAN0009-LK-102-7,40
VAN0009-LK-102-7,46
VAN0009-LK-102-7,47
VAN0009-LK-102-7,48
VAN0009-LK-102-7,49
VAN0009-LK-102-7,50
VAN0009-LK-102-7,52
VAN0009-LK-102-7,53
VAN0009-LK-102-7,55
VAN0009-LK-102-7,58
VAN0009-LK-102-7,73
VAN0009-LK-102-7,78
VAN0009-LK-102-7,83
VAN0009-LK-102-7,88
VAN0009-LK-102-7,9
VAN0009-LK-102-7,99
VAN0009-LK-106-2,109
VAN0009-LK-106-2,122
VAN0009-LK-106-2,123
VAN0009-LK-106-2,125
VAN0009-LK-106-2,129
VAN0009-LK-106-2,130
VAN0009-LK-106-2,133
VAN0009-LK-106-2,134
VAN0009-LK-106-2,135
VAN0009-LK-106-2,137
VAN0009-LK-106-2,139
VAN0009-LK-106-2,140
VAN0009-LK-106-2,143
VAN0009-LK-106-2,21
VAN0009-LK-106-2,24
VAN0009-LK-106-2,42
VAN0009-LK-106-2,52
VAN0009-LK-106-2,55
VAN0009-LK-106-2,56
VAN0009-LK-106-2,62
VAN0009-LK-106-2,63
VAN0009-LK-106-2,69
VAN0010-LK-155-40,1
VAN0010-LK-155-40,11
VAN0010-LK-155-40,113
VAN0010-LK-155-40,117
VAN0010-LK-155-40,12
VAN0010-LK-155-40,13
VAN0010-LK-155-40,137
VAN0010-LK-155-40,141
VAN0010-LK-155-40,15
VAN0010-LK-155-40,16
VAN0010-LK-155-40,17
VAN0010-LK-155-40,19
VAN0010-LK-155-40,2
VAN0010-LK-155-40,20
VAN0010-LK-155-40,21
VAN0010-LK-155-40,23
VAN0010-LK-155-40,37
VAN0010-LK-155-40,4
VAN0010-LK-155-40,48
VAN0010-LK-155-40,49
VAN0010-LK-155-40,54
VAN0010-LK-155-40,55
VAN0010-LK-155-40,57
VAN0010-LK-155-40,59
VAN0010-LK-155-40,6
VAN0010-LK-155-40,65
VAN0010-LK-155-40,7
VAN0010-LK-155-40,77
VAN0010-LK-155-40,8
VAN0010-LK-155-40,92
VAN0010-LK-160-2,100
VAN0010-LK-160-2,11
VAN0010-LK-160-2,112
VAN0010-LK-160-2,115
VAN0010-LK-160-2,123
VAN0010-LK-160-2,13
VAN0010-LK-160-2,144
VAN0010-LK-160-2,152
VAN0010-LK-160-2,157
VAN0010-LK-160-2,175
VAN0010-LK-160-2,18
VAN0010-LK-160-2,2
VAN0010-LK-160-2,208
VAN0010-LK-160-2,209
VAN0010-LK-160-2,256
VAN0010-LK-160-2,288
VAN0010-LK-160-2,343
VAN0010-LK-160-2,345
VAN0010-LK-160-2,347
VAN0010-LK-160-2,349
VAN0010-LK-160-2,37
VAN0010-LK-160-2,53
VAN0010-LK-160-2,54
VAN0010-LK-160-2,8
VAN0010-LK-160-2,80
VAN0010-LK-160-2,82
VAN0010-LK-160-2,84
VAN0010-LK-160-2,86
VAN0011-RK-33-2,18
VAN0011-RK-33-2,3
VAN0011-RK-33-2,32
VAN0011-RK-33-2,44
VAN0011-RK-33-2,57
VAN0012-RK-103-75,0
VAN0012-RK-103-75,103
VAN0012-RK-103-75,113
VAN0012-RK-103-75,116
VAN0012-RK-103-75,117
VAN0012-RK-103-75,122
VAN0012-RK-103-75,123
VAN0012-RK-103-75,124
VAN0012-RK-103-75,13
VAN0012-RK-103-75,137
VAN0012-RK-103-75,152
VAN0012-RK-103-75,156
VAN0012-RK-103-75,16
VAN0012-RK-103-75,21
VAN0012-RK-103-75,229
VAN0012-RK-103-75,232
VAN0012-RK-103-75,233
VAN0012-RK-103-75,26
VAN0012-RK-103-75,27
VAN0012-RK-103-75,30
VAN0012-RK-103-75,32
VAN0012-RK-103-75,322
VAN0012-RK-103-75,327
VAN0012-RK-103-75,36
VAN0012-RK-103-75,39
VAN0012-RK-103-75,40
VAN0012-RK-103-75,45
VAN0012-RK-103-75,46
VAN0012-RK-103-75,47
VAN0012-RK-103-75,51
VAN0012-RK-103-75,57
VAN0012-RK-103-75,66
VAN0012-RK-103-75,69
VAN0012-RK-103-75,71
VAN0012-RK-103-75,72
VAN0012-RK-103-75,73
VAN0012-RK-103-75,93
VAN0013-LK-202-96,105
VAN0013-LK-202-96,129
VAN0013-LK-202-96,14
VAN0013-LK-202-96,140
VAN0013-LK-202-96,145
VAN0013-LK-202-96,15
VAN0013-LK-202-96,150
VAN0013-LK-202-96,164
VAN0013-LK-202-96,167
VAN0013-LK-202-96,17
VAN0013-LK-202-96,175
VAN0013-LK-202-96,179
VAN0013-LK-202-96,19
VAN0013-LK-202-96,190
VAN0013-LK-202-96,197
VAN0013-LK-202-96,205
VAN0013-LK-202-96,215
VAN0013-LK-202-96,220
VAN0013-LK-202-96,237
VAN0013-LK-202-96,244
VAN0013-LK-202-96,252
VAN0013-LK-202-96,28
VAN0013-LK-202-96,29
VAN0013-LK-202-96,30
VAN0013-LK-202-96,35
VAN0013-LK-202-96,37
VAN0013-LK-202-96,38
VAN0013-LK-202-96,4
VAN0013-LK-202-96,40
VAN0013-LK-202-96,41
VAN0013-LK-202-96,47
VAN0013-LK-202-96,50
VAN0013-LK-202-96,51
VAN0013-LK-202-96,56
VAN0013-LK-202-96,58
VAN0013-LK-202-96,68
VAN0013-LK-202-96,7
VAN0013-LK-202-96,80
VAN0013-LK-202-96,84
VAN0013-LK-202-96,86
VAN0013-LK-202-96,9
VAN0013-LK-206-2,1
VAN0013-LK-206-2,154
VAN0013-LK-206-2,182
VAN0013-LK-206-2,217
VAN0013-LK-206-2,219
VAN0013-LK-206-2,223
VAN0013-LK-206-2,227
VAN0013-LK-206-2,229
VAN0013-LK-206-2,40
VAN0013-LK-206-2,73
VAN0013-LK-206-2,77
VAN0014-LK-207-2,0
VAN0014-LK-207-2,1
VAN0014-LK-207-2,105
VAN0014-LK-207-2,113
VAN0014-LK-207-2,119
VAN0014-LK-207-2,121
VAN0014-LK-207-2,132
VAN0014-LK-207-2,138
VAN0014-LK-207-2,146
VAN0014-LK-207-2,148
VAN0014-LK-207-2,15
VAN0014-LK-207-2,152
VAN0014-LK-207-2,156
VAN0014-LK-207-2,16
VAN0014-LK-207-2,162
VAN0014-LK-207-2,163
VAN0014-LK-207-2,164
VAN0014-LK-207-2,2
VAN0014-LK-207-2,20
VAN0014-LK-207-2,27
VAN0014-LK-207-2,3
VAN0014-LK-207-2,38
VAN0014-LK-207-2,41
VAN0014-LK-207-2,45
VAN0014-LK-207-2,5
VAN0014-LK-207-2,54
VAN0014-LK-207-2,68
VAN0014-LK-207-2,70
VAN0014-LK-207-2,71
VAN0014-LK-207-2,73
VAN0014-LK-207-2,78
VAN0014-LK-207-2,88
VAN0016-LK-202-89,103
VAN0016-LK-202-89,11
VAN0016-LK-202-89,112
VAN0016-LK-202-89,113
VAN0016-LK-202-89,116
VAN0016-LK-202-89,12
VAN0016-LK-202-89,120
VAN0016-LK-202-89,121
VAN0016-LK-202-89,122
VAN0016-LK-202-89,127
VAN0016-LK-202-89,129
VAN0016-LK-202-89,130
VAN0016-LK-202-89,131
VAN0016-LK-202-89,133
VAN0016-LK-202-89,138
VAN0016-LK-202-89,141
VAN0016-LK-202-89,144
VAN0016-LK-202-89,146
VAN0016-LK-202-89,147
VAN0016-LK-202-89,153
VAN0016-LK-202-89,154
VAN0016-LK-202-89,166
VAN0016-LK-202-89,18
VAN0016-LK-202-89,188
VAN0016-LK-202-89,189
VAN0016-LK-202-89,20
VAN0016-LK-202-89,206
VAN0016-LK-202-89,213
VAN0016-LK-202-89,214
VAN0016-LK-202-89,22
VAN0016-LK-202-89,227
VAN0016-LK-202-89,242
VAN0016-LK-202-89,248
VAN0016-LK-202-89,254
VAN0016-LK-202-89,263
VAN0016-LK-202-89,265
VAN0016-LK-202-89,268
VAN0016-LK-202-89,27
VAN0016-LK-202-89,279
VAN0016-LK-202-89,29
VAN0016-LK-202-89,3
VAN0016-LK-202-89,302
VAN0016-LK-202-89,304
VAN0016-LK-202-89,306
VAN0016-LK-202-89,316
VAN0016-LK-202-89,324
VAN0016-LK-202-89,336
VAN0016-LK-202-89,34
VAN0016-LK-202-89,35
VAN0016-LK-202-89,363
VAN0016-LK-202-89,364
VAN0016-LK-202-89,374
VAN0016-LK-202-89,390
VAN0016-LK-202-89,4
VAN0016-LK-202-89,400
VAN0016-LK-202-89,404
VAN0016-LK-202-89,416
VAN0016-LK-202-89,42
VAN0016-LK-202-89,424
VAN0016-LK-202-89,429
VAN0016-LK-202-89,43
VAN0016-LK-202-89,431
VAN0016-LK-202-89,44
VAN0016-LK-202-89,456
VAN0016-LK-202-89,457
VAN0016-LK-202-89,462
VAN0016-LK-202-89,463
VAN0016-LK-202-89,465
VAN0016-LK-202-89,472
VAN0016-LK-202-89,479
VAN0016-LK-202-89,489
VAN0016-LK-202-89,51
VAN0016-LK-202-89,53
VAN0016-LK-202-89,59
VAN0016-LK-202-89,60
VAN0016-LK-202-89,69
VAN0016-LK-202-89,7
VAN0016-LK-202-89,72
VAN0016-LK-202-89,74
VAN0016-LK-202-89,77
VAN0016-LK-202-89,79
VAN0016-LK-202-89,82
VAN0016-LK-202-89,84
VAN0016-LK-202-89,94
VAN0016-LK-202-89,95
VAN0016-LK-208-2,10
VAN0016-LK-208-2,112
VAN0016-LK-208-2,113
VAN0016-LK-208-2,132
VAN0016-LK-208-2,176
VAN0016-LK-208-2,179
VAN0016-LK-208-2,182
VAN0016-LK-208-2,188
VAN0016-LK-208-2,201
VAN0016-LK-208-2,22
VAN0016-LK-208-2,261
VAN0016-LK-208-2,28
VAN0016-LK-208-2,280
VAN0016-LK-208-2,297
VAN0016-LK-208-2,310
VAN0016-LK-208-2,322
VAN0016-LK-208-2,33
VAN0016-LK-208-2,330
VAN0016-LK-208-2,367
VAN0016-LK-208-2,395
VAN0016-LK-208-2,410
VAN0016-LK-208-2,432
VAN0016-LK-208-2,444
VAN0016-LK-208-2,482
VAN0016-LK-208-2,484
VAN0016-LK-208-2,525
VAN0016-LK-208-2,527
VAN0016-LK-208-2,54
VAN0016-LK-208-2,545
VAN0016-LK-208-2,553
VAN0016-LK-208-2,557
VAN0016-LK-208-2,569
VAN0016-LK-208-2,570
VAN0016-LK-208-2,571
VAN0016-LK-208-2,578
VAN0016-LK-208-2,66
VAN0016-LK-208-2,80
